id,elderseal,rarity,damageType,name,attack_display,attack_raw,element_type,element_damage,element_hidden
0,,1,sever,Buster Sword 1,384,80,,0,
1,,1,sever,Buster Sword 2,432,90,,0,
2,,2,sever,Buster Sword 3,480,100,,0,
3,,3,sever,Buster Blade 1,576,120,,0,
4,,4,sever,Buster Blade 2,624,130,,0,
5,,5,sever,Buster Blade 3,672,140,poison,240,True
6,,6,sever,Chrome Razor 1,720,150,poison,330,True
7,,6,sever,Chrome Razor 2,864,180,poison,420,True
8,high,7,sever,Nergal Judicator,912,190,dragon,120,False
9,high,8,sever,Purgation's Atrocity,1008,210,dragon,150,False
10,,3,sever,Thunder Blade 1,528,110,thunder,120,False
11,,4,sever,Thunder Blade 2,624,130,thunder,150,False
12,,5,sever,Lightning Punisher 1,672,140,thunder,180,False
13,,6,sever,Lightning Punisher 2,816,170,thunder,210,False
14,,6,sever,Lightning Punisher 3,912,190,thunder,240,False
15,,4,sever,Freeze Blade 1,576,120,ice,240,False
16,,5,sever,Freeze Blade 2,624,130,ice,270,False
17,,6,sever,Frost Blaze 1,720,150,ice,330,False
18,,6,sever,Frost Blaze 2,768,160,ice,390,False
19,,2,sever,Jagras Blade 1,528,110,,0,
20,,3,sever,Jagras Blade 2,576,120,,0,
21,,4,sever,Jagras Blade 3,672,140,,0,
22,,5,sever,Jagras Hacker 1,816,170,water,210,True
23,,6,sever,Jagras Hacker 2,864,180,water,240,True
24,,6,sever,Jagras Hacker 3,912,190,water,300,True
25,,3,sever,Girros Blade 1,528,110,paralysis,210,False
26,,4,sever,Girros Blade 2,624,130,paralysis,240,False
27,,5,sever,Malady's Kiss 1,672,140,paralysis,270,False
28,,6,sever,Malady's Kiss 2,720,150,paralysis,360,False
29,,6,sever,Malady's Kiss 3,768,160,paralysis,450,False
30,,6,sever,Lava Blaze 1,768,160,fire,270,False
31,,7,sever,Lava Blaze 2,864,180,fire,330,False
32,,2,sever,Blooming Blade 1,528,110,poison,240,False
33,,3,sever,Blooming Blade 2,576,120,poison,300,False
34,,4,sever,Blooming Blade 3,624,130,poison,360,False
35,,5,sever,Datura Blaze 1,720,150,poison,420,False
36,,6,sever,Datura Blaze 2,768,160,poison,480,False
37,,6,sever,Datura Blaze 3,816,170,poison,540,False
38,,4,sever,Flame Blade 1,672,140,fire,120,False
39,,5,sever,Flame Blade 2,720,150,fire,150,False
40,,6,sever,Red Wing,768,160,fire,180,False
41,,7,sever,Blue Wing,816,170,fire,210,False
42,,8,sever,Rathalos Glinsword,912,190,fire,240,False
43,,1,sever,Bone Blade 1,480,100,,0,
44,,1,sever,Bone Blade 2,528,110,,0,
45,,2,sever,Bone Blade 3,576,120,,0,
46,,3,sever,Bone Slasher 1,672,140,,0,
47,,4,sever,Bone Slasher 2,720,150,,0,
48,,5,sever,Bone Slasher 3,768,160,ice,180,True
49,,6,sever,Giant Jawblade 1,816,170,ice,240,True
50,,6,sever,Giant Jawblade 2,912,190,ice,300,True
51,average,7,sever,Hazak Kys,912,190,dragon,300,False
52,average,8,sever,Leviathan's Fury,960,200,dragon,300,False
53,,3,sever,Flammenzahn,720,150,fire,240,False
54,,5,sever,Flammenzahn+,864,180,fire,300,False
55,,7,sever,Gnashing Flammenzahn,1008,210,fire,480,False
56,,2,sever,Aqua Slasher 1,576,120,water,120,False
57,,3,sever,Aqua Slasher 2,624,130,water,150,False
58,,4,sever,Aqua Slasher 3,672,140,water,180,False
59,,5,sever,Water Golem 1,768,160,water,240,False
60,,6,sever,Water Golem 2,816,170,water,270,False
61,,6,sever,Water Golem 3,912,190,water,300,False
62,,2,sever,Carapace Buster 1,624,130,,0,
63,,3,sever,Carapace Buster 2,672,140,,0,
64,,4,sever,Carapace Buster 3,720,150,,0,
65,,5,sever,Barroth Shredder 1,816,170,paralysis,270,True
66,,6,sever,Barroth Shredder 2,864,180,paralysis,330,True
67,,6,sever,Barroth Shredder 3,960,200,paralysis,390,True
68,,3,sever,Spiked Blade 1,624,130,sleep,150,False
69,,4,sever,Spiked Blade 2,672,140,sleep,180,False
70,,5,sever,Radobaan Slab 1,768,160,sleep,210,False
71,,6,sever,Radobaan Slab 2,816,170,sleep,240,False
72,,6,sever,Radobaan Slab 3,912,190,sleep,270,False
73,low,3,sever,Dragonbone Cleaver 1,480,100,dragon,270,False
74,low,4,sever,Dragonbone Cleaver 2,576,120,dragon,330,False
75,low,6,sever,Dragonbone Cleaver 3,768,160,dragon,420,False
76,,4,sever,Thundersword,528,110,thunder,360,False
77,,7,sever,Kirin Thundersword,720,150,thunder,480,False
78,,8,sever,King Thundersword,768,160,thunder,540,False
79,,5,sever,Magda Potestas 1,768,160,blast,330,False
80,,7,sever,Magda Potestas 2,1056,220,blast,420,False
81,low,5,sever,Blacksteel Chopper 1,480,100,dragon,90,False
82,low,6,sever,Blacksteel Chopper 2,576,120,dragon,120,False
83,,7,sever,Icesteel Edge,816,170,ice,210,False
84,,8,sever,Daora's Decimator,864,180,ice,270,False
85,low,8,sever,Xeno Maliq,816,170,dragon,210,False
86,,6,sever,Wyvern Jawblade,864,180,blast,240,True
87,,8,sever,Great Wyvern Jawblade,960,200,blast,330,True
88,,1,sever,Iron Katana 1,264,80,,0,
89,,1,sever,Iron Katana 2,297,90,,0,
90,,2,sever,Iron Katana 3,330,100,,0,
91,,3,sever,Iron Grace 1,363,110,,0,
92,,4,sever,Iron Grace 2,429,130,,0,
93,,5,sever,Iron Grace 3,462,140,water,120,True
94,,6,sever,Iron Gospel 1,528,160,water,150,True
95,,6,sever,Iron Gospel 2,594,180,water,180,True
96,high,7,sever,Nergal Reaver,627,190,dragon,90,False
97,high,8,sever,Extermination's Edge,693,210,dragon,120,False
98,,3,sever,Flickering Glow 1,429,130,,0,
99,,4,,Flickering Glow 2,462,140,,0,
100,,5,sever,Dazzling Flash 1,528,160,thunder,240,True
101,,6,sever,Dazzling Flash 2,561,170,thunder,300,True
102,,6,sever,Dazzling Flash 3,594,180,thunder,360,True
103,,2,sever,First Dance 1,330,100,,0,
104,,3,sever,First Dance 2,363,110,,0,
105,,4,sever,First Dance 3,429,130,,0,
106,,5,sever,Last Dance 1,495,150,sleep,210,True
107,,6,sever,Last Dance 2,528,160,sleep,240,True
108,,6,sever,Last Dance 3,561,170,sleep,270,True
109,,6,sever,Brazenridge 1,594,180,fire,90,False
110,,7,sever,Brazenridge 2,660,200,fire,120,False
111,,3,sever,"Wyvern Blade ""Leaf""",363,110,poison,240,False
112,,5,sever,"Wyvern Blade ""Verde""",495,150,poison,270,False
113,,7,sever,"Wyvern Blade ""Holly""",627,190,poison,330,False
114,,4,sever,"Wyvern Blade ""Fall""",396,120,fire,150,False
115,,6,sever,"Wyvern Blade ""Blood""",528,160,fire,180,False
116,,7,sever,"Wyvern Blade ""Azure""",561,170,fire,210,False
117,,8,sever,"Wyvern Blade ""Indigo""",627,190,fire,240,False
118,,1,sever,Bone Shotel 1,297,90,,0,
119,,1,sever,Bone Shotel 2,330,100,,0,
120,,2,sever,Bone Shotel 3,396,120,,0,
121,,3,sever,Hard Bone Shotel 1,429,130,,0,
122,,4,sever,Hard Bone Shotel 2,495,150,,0,
123,,5,sever,Hard Bone Shotel 3,528,160,sleep,210,True
124,,6,sever,Bone Reaper 1,627,190,sleep,270,True
125,,6,,Bone Reaper 2,627,190,sleep,270,True
126,,6,sever,Rookslayer Long Sword,561,170,blast,150,False
127,,8,sever,Bazel Varga Rookslayer,660,200,blast,210,False
128,,3,sever,Blazing Shotel 1,462,140,fire,150,False
129,,4,sever,Blazing Shotel 2,528,160,fire,210,False
130,,5,sever,Anja Scimitar 1,594,180,fire,270,False
131,,6,sever,Anja Scimitar 2,660,200,fire,330,False
132,,6,sever,Anja Scimitar 3,693,210,fire,390,False
133,,2,sever,Jyura Shotel 1,396,120,water,150,False
134,,3,sever,Jyura Shotel 2,429,130,water,180,False
135,,4,sever,Jyura Shotel 3,462,140,water,210,False
136,,5,sever,Dipterus 1,495,150,water,240,False
137,,6,sever,Dipterus 2,561,170,water,300,False
138,,6,sever,Dipterus 3,627,190,water,360,False
139,average,7,sever,Hazak Grosser 1,627,190,dragon,210,False
140,average,7,sever,Hazak Grosser 2,660,200,dragon,270,False
141,,2,sever,Pulsar Shotel 1,363,110,thunder,120,False
142,,3,sever,Pulsar Shotel 2,396,120,thunder,150,False
143,,4,sever,Pulsar Shotel 3,462,140,thunder,180,False
144,,5,sever,Kadachi Fang 1,528,160,thunder,210,False
145,,6,sever,Kadachi Fang 2,561,170,thunder,240,False
146,,6,sever,Kadachi Fang 3,594,180,thunder,270,False
147,,4,sever,Glacial Shotel 1,429,130,ice,210,False
148,,5,sever,Glacial Shotel 2,462,140,ice,240,False
149,,6,sever,Stealer,495,150,ice,300,False
150,,8,sever,Legia Stealer,528,160,ice,360,False
151,,3,sever,Dark Shotel 1,396,120,,0,
152,,4,sever,Dark Shotel 2,429,130,,0,
153,,5,sever,Dark Scimitar 1,462,140,paralysis,180,True
154,,6,sever,Dark Scimitar 2,495,150,paralysis,210,True
155,,6,sever,Dark Scimitar 3,528,160,paralysis,240,True
156,low,3,sever,Dragonbone Stabber 1,330,100,dragon,270,False
157,low,4,sever,Dragonbone Stabber 2,363,110,dragon,330,False
158,low,6,sever,Dragonbone Stabber 3,528,160,dragon,420,False
159,,5,sever,Magda Facultas 1,528,160,blast,300,False
160,,7,sever,Magda Facultas 2,726,220,blast,360,False
161,low,5,sever,Blacksteel Long Sword 1,330,100,dragon,120,False
162,low,6,sever,Blacksteel Long Sword 2,363,110,dragon,150,False
163,,7,sever,Imperial Saber,561,170,blast,300,False
164,,8,sever,Imperial Shimmer,627,190,blast,300,False
165,low,8,sever,Xeno Cypher,594,180,dragon,180,False
166,high,6,sever,Supremacy Blade,561,170,dragon,120,True
167,high,8,sever,Divine Slasher,693,210,dragon,150,True
168,,3,sever,Azure Star Blade,363,110,water,120,False
169,,1,sever,Hunter's Knife 1,112,80,,0,
170,,1,sever,Hunter's Knife 2,126,90,,0,
171,,2,sever,Hunter's Knife 3,140,100,,0,
172,,3,sever,Steel Knife 1,168,120,,0,
173,,4,sever,Steel Knife 2,182,130,,0,
174,,5,sever,Steel Knife 3,196,140,sleep,120,True
175,,6,sever,Chrome Slicer 1,224,160,sleep,150,True
176,,6,sever,Chrome Slicer 2,252,180,sleep,240,True
177,high,7,sever,Nergal Jack,280,200,dragon,120,False
178,high,8,sever,Eradication Vanguard,294,210,dragon,150,False
179,,4,sever,Flame Knife 1,182,130,fire,120,False
180,,5,sever,Flame Knife 2,196,140,fire,120,False
181,,6,sever,Heat Edge,224,160,fire,150,False
182,,7,sever,Corona,266,190,fire,180,False
183,,4,sever,Heavy Bang,210,150,,0,
184,,6,sever,Heavy Bang+,252,180,thunder,270,True
185,,7,sever,Master Bang,280,200,thunder,330,True
186,,2,sever,Aqua Messer 1,140,100,water,90,False
187,,3,sever,Aqua Messer 2,168,120,water,120,False
188,,4,sever,Aqua Messer 3,196,140,water,150,False
189,,5,sever,Rogue Wave 1,210,150,water,180,False
190,,6,sever,Rogue Wave 2,224,160,water,210,False
191,,6,sever,Rogue Wave 3,252,180,water,240,False
192,,4,sever,Glacial Grace 1,182,130,ice,210,False
193,,5,sever,Glacial Grace 2,196,140,ice,240,False
194,,6,sever,Rimespire,210,150,ice,300,False
195,,8,sever,Legia Rimespire,224,160,ice,330,False
196,,3,sever,Princess Rapier,168,120,poison,150,False
197,,5,sever,Queen Rapier,210,150,poison,180,False
198,,6,sever,Queen Rose,238,170,poison,210,False
199,,7,sever,Royal Rose,266,190,poison,240,False
200,,3,sever,Lumu Knife 1,168,120,,0,
201,,4,sever,Lumu Knife 2,182,130,,0,
202,,5,sever,Lumu Tabar 1,210,150,blast,270,True
203,,6,sever,Lumu Tabar 2,224,160,blast,300,True
204,,6,sever,Lumu Tabar 3,238,170,blast,330,True
205,,2,sever,Blooming Knife 1,154,110,poison,210,False
206,,3,sever,Blooming Knife 2,182,130,poison,240,False
207,,4,sever,Blooming Knife 3,196,140,poison,270,False
208,,5,sever,Datura Blossom 1,210,150,poison,330,False
209,,6,sever,Datura Blossom 2,224,160,poison,360,False
210,,6,sever,Datura Blossom 3,238,170,poison,390,False
211,,3,sever,Girros Knife 1,168,120,paralysis,120,False
212,,4,sever,Girros Knife 2,182,130,paralysis,150,False
213,,5,sever,Malady's Tabar 1,196,140,paralysis,180,False
214,,6,sever,Malady's Tabar 2,210,150,paralysis,210,False
215,,6,sever,Malady's Tabar 3,224,160,paralysis,240,False
216,,1,sever,Bone Kukri 1,140,100,,0,
217,,1,sever,Bone Kukri 2,154,110,,0,
218,,2,sever,Bone Kukri 3,168,120,,0,
219,,3,sever,Chief Kukri 1,196,140,,0,
220,,4,sever,Chief Kukri 2,210,150,,0,
221,,5,sever,Chief Kukri 3,224,160,paralysis,180,True
222,,6,sever,Grand Barong 1,238,170,paralysis,240,True
223,,6,sever,Grand Barong 2,266,190,paralysis,300,True
224,,3,sever,Spiked Edge 1,182,130,sleep,120,False
225,,4,sever,Spiked Edge 2,196,140,sleep,120,False
226,,5,sever,Baan Claw 1,238,170,sleep,150,False
227,,6,sever,Baan Claw 2,252,180,sleep,180,False
228,,6,sever,Baan Claw 3,266,190,sleep,210,False
229,,2,sever,Jagras Edge 1,168,120,,0,
230,,3,sever,Jagras Edge 2,196,140,,0,
231,,4,sever,Jagras Edge 3,210,150,,0,
232,,5,sever,Jagras Garotte 1,238,170,water,300,True
233,,6,sever,Jagras Garotte 2,252,180,water,330,True
234,,6,sever,Jagras Garotte 3,266,190,water,360,True
235,,3,sever,Thunder Edge 1,182,130,thunder,90,False
236,,4,sever,Thunder Edge 2,210,150,thunder,120,False
237,,5,sever,Lightning Nemesis 1,224,160,thunder,150,False
238,,6,sever,Lightning Nemesis 2,252,180,thunder,180,False
239,,6,sever,Lightning Nemesis 3,266,190,thunder,210,False
240,,2,sever,Carapace Edge 1,182,130,,0,
241,,3,sever,Carapace Edge 2,196,140,,0,
242,,4,sever,Carapace Edge 3,224,160,,0,
243,,5,sever,Barroth Club 1,252,180,paralysis,120,True
244,,6,sever,Barroth Club 2,266,190,paralysis,150,True
245,,6,sever,Barroth Club 3,294,210,paralysis,180,True
246,,3,sever,Blazing Edge 1,196,140,fire,150,False
247,,4,sever,Blazing Edge 2,224,160,fire,180,False
248,,5,sever,Flammensucher,266,190,fire,210,False
249,,7,sever,Gnashing Flammensucher,294,210,fire,240,False
250,low,3,sever,Dragonbone Sword 1,140,100,dragon,270,False
251,low,4,sever,Dragonbone Sword 2,154,110,dragon,330,False
252,low,6,sever,Dragonbone Sword 3,196,140,dragon,450,False
253,,4,sever,Fulminator,154,110,thunder,270,False
254,,6,sever,Thunderbolt Sword 1,210,150,thunder,300,False
255,,7,sever,Thunderbolt Sword 2,224,160,thunder,360,False
256,low,5,sever,Blacksteel Sword 1,140,100,dragon,120,False
257,low,6,sever,Blacksteel Sword 2,154,110,dragon,150,False
258,,7,sever,Teostra's Spada,252,180,blast,210,False
259,,8,sever,Teostra's Emblem,266,190,blast,240,False
260,low,8,sever,Xeno Mabura,238,170,dragon,270,False
261,,1,sever,Matched Slicers 1,112,80,,0,
262,,1,sever,Matched Slicers 2,126,90,,0,
263,,2,sever,Matched Slicers 3,140,100,,0,
264,,3,sever,Dual Slicers 1,154,110,,0,
265,,5,sever,Dual Slicers 2,196,140,poison,210,True
266,,5,,Dual Slicers 3,196,140,poison,210,True
267,,6,sever,Chrome Slicers 1,224,160,poison,240,True
268,,6,sever,Chrome Slicers 2,252,180,poison,270,True
269,high,7,sever,Nergal Gouge,280,200,dragon,90,False
270,high,8,sever,Decimation Claws,294,210,dragon,120,False
271,,3,sever,Luminous Daggers 1,168,120,,0,
272,,4,sever,Luminous Daggers 2,196,140,,0,
273,,5,sever,Dual Destroyers 1,224,160,thunder,120,True
274,,6,sever,Dual Destroyers 2,238,170,thunder,150,True
275,,6,sever,Dual Destroyers 3,252,180,thunder,210,True
276,,6,sever,Rookslayer Handaxes,252,180,blast,120,False
277,,8,sever,Bazelhawk Rookslayer,280,200,blast,150,False
278,,4,sever,Freeze Daggers 1,182,130,ice,60,False
279,,5,sever,Freeze Daggers 2,210,150,ice,90,False
280,,6,sever,Freeze Chain 1,238,170,ice,120,False
281,,6,sever,Freeze Chain 2,252,180,ice,150,False
282,,2,sever,Rending Beaks 1,154,110,,0,
283,,3,sever,Rending Beaks 2,168,120,,0,
284,,4,sever,Rending Beaks 3,182,130,,0,
285,,5,sever,Arcanaria 1,210,150,sleep,90,True
286,,6,sever,Arcanaria 2,224,160,sleep,90,True
287,,6,sever,Arcanaria 3,238,170,sleep,120,True
288,,3,sever,Sworn Rapiers,182,130,water,90,False
289,,5,sever,Sworn Rapiers+,210,150,water,90,False
290,,7,sever,Holy Sabers,252,180,water,120,False
291,,1,sever,Bone Hatchets 1,140,100,,0,
292,,1,sever,Bone Hatchets 2,154,110,,0,
293,,2,sever,Bone Hatchets 3,168,120,,0,
294,,3,sever,Wild Hatchets 1,196,140,,0,
295,,4,sever,Wild Hatchets 2,210,150,,0,
296,,5,sever,Wild Hatchets 3,224,160,blast,120,True
297,,6,sever,Strong Hatchets 1,238,170,blast,150,True
298,,6,sever,Strong Hatchets 2,266,190,blast,180,True
299,,3,sever,Blazing Hatchets 1,196,140,fire,90,False
300,,4,sever,Blazing Hatchets 2,210,150,fire,120,False
301,,5,sever,Anja Cyclone 1,238,170,fire,150,False
302,,6,sever,Anja Cyclone 2,266,190,fire,180,False
303,,7,sever,Anja Cyclone 3,294,210,fire,210,False
304,,4,sever,Diablos Hatchets 1,224,160,,0,
305,,5,sever,Diablos Hatchets 2,266,190,ice,90,True
306,,6,sever,Diablos Clubs 1,294,210,ice,90,True
307,,7,sever,Diablos Clubs 2,322,230,ice,90,True
308,,2,sever,Madness Pangas 1,154,110,water,90,False
309,,3,sever,Madness Pangas 2,182,130,water,90,False
310,,4,sever,Madness Pangas 3,210,150,water,120,False
311,,5,sever,Jyura Hatchets 1,238,170,water,150,False
312,,6,sever,Jyura Hatchets 2,252,180,water,180,False
313,,6,sever,Jyura Hatchets 3,266,190,water,210,False
314,,6,sever,Lava Cyclone 1,252,180,fire,120,False
315,,7,sever,Lava Cyclone 2,252,180,fire,150,False
316,,3,sever,Taurus Pangas 1,168,120,,0,
317,,4,sever,Taurus Pangas 2,182,130,,0,
318,,5,sever,Dark Ripper 1,196,140,paralysis,90,True
319,,6,sever,Dark Ripper 2,210,150,paralysis,90,True
320,,6,sever,Dark Ripper 3,224,160,paralysis,90,True
321,,2,sever,Pulsar Hatchets 1,154,110,thunder,60,False
322,,3,sever,Pulsar Hatchets 2,168,120,thunder,60,False
323,,4,sever,Pulsar Hatchets 3,196,140,thunder,60,False
324,,5,sever,Kadachi Claws 1,224,160,thunder,90,False
325,,6,sever,Kadachi Claws 2,238,170,thunder,120,False
326,,6,,Kadachi Claws 3,252,180,thunder,150,False
327,,4,sever,Garon Hatchets 1,182,130,,0,
328,,5,sever,Garon Hatchets 2,196,140,fire,180,True
329,,6,sever,Blood-drinker Chainblade,210,150,fire,180,True
330,,8,sever,Sin,224,160,fire,180,True
331,low,3,sever,Dragonbone Twinblades 1,140,100,dragon,120,False
332,low,4,sever,Dragonbone Twinblades 2,168,120,dragon,150,False
333,low,7,sever,Enduring Schism,196,140,dragon,270,False
334,,4,sever,Kirin Bolts,154,110,thunder,210,False
335,,7,sever,Kirin Bolts+,196,140,thunder,240,False
336,,8,sever,Monarch,224,160,thunder,270,False
337,,5,sever,Magda Ungulae 1,224,160,blast,180,False
338,,7,sever,Magda Ungulae 2,308,220,blast,210,False
339,low,5,sever,Blacksteel Twins 1,140,100,dragon,90,False
340,low,6,sever,Blacksteel Twins 2,154,110,dragon,120,False
341,,7,sever,Twin Nails,238,170,ice,210,False
342,,8,sever,Fire and Ice,252,180,ice,240,False
343,low,8,sever,Xeno Raqs,238,170,blast,240,False
344,,1,blunt,Iron Hammer 1,416,80,dragon,150,False
345,,1,blunt,Iron Hammer 2,468,90,,0,
346,,2,blunt,Iron Hammer 3,520,100,,0,
347,,3,blunt,Iron Demon 1,572,110,,0,
348,,4,blunt,Iron Demon 2,676,130,,0,
349,,5,blunt,Iron Demon 3,728,140,,0,
350,,6,blunt,Iron Archdemon 1,832,160,blast,210,True
351,,6,blunt,Iron Archdemon 2,936,180,blast,240,True
352,high,7,blunt,Nergal Crusher,1040,200,blast,270,True
353,high,8,blunt,Obliteration's Footfall,1092,210,dragon,90,False
354,,4,blunt,Frozen Core,624,120,dragon,120,False
355,,6,blunt,Frozen Core+,832,160,ice,270,False
356,,7,blunt,Cocytus,936,180,ice,390,False
357,,2,blunt,Aqua Hammer 1,572,110,ice,450,False
358,,3,blunt,Aqua Hammer 2,624,120,water,90,False
359,,4,blunt,Aqua Hammer 3,676,130,water,120,False
360,,5,blunt,Water Basher 1,780,150,water,150,False
361,,6,blunt,Water Basher 2,832,160,water,180,False
362,,6,blunt,Water Basher 3,936,180,water,210,False
363,,3,blunt,Girros Hammer 1,624,120,water,240,False
364,,4,blunt,Girros Hammer 2,676,130,paralysis,210,False
365,,5,blunt,Malady's Fist 1,728,140,paralysis,270,False
366,,6,blunt,Malady's Fist 2,780,150,paralysis,330,False
367,,6,blunt,Malady's Fist 3,832,160,paralysis,360,False
368,,2,blunt,Blooming Hammer 1,520,100,paralysis,390,False
369,,3,blunt,Blooming Hammer 2,624,120,poison,300,False
370,,4,blunt,Blooming Hammer 3,728,140,poison,360,False
371,,5,blunt,Buon Fiore,780,150,poison,420,False
372,,7,blunt,Buona Flora,936,180,poison,480,False
373,,3,blunt,Thunder Hammer 1,676,130,poison,540,False
374,,4,blunt,Thunder Hammer 2,780,150,thunder,180,False
375,,5,blunt,Lightning Bash 1,832,160,thunder,210,False
376,,6,blunt,Lightning Bash 2,884,170,thunder,240,False
377,,6,blunt,Lightning Bash 3,988,190,thunder,270,False
378,,1,blunt,Bone Bludgeon 1,520,100,thunder,300,False
379,,1,blunt,Bone Bludgeon 2,572,110,,0,
380,,2,blunt,Bone Bludgeon 3,624,120,,0,
381,,3,blunt,Fossil Bludgeon 1,728,140,,0,
382,,4,blunt,Fossil Bludgeon 2,780,150,,0,
383,,5,blunt,Fossil Bludgeon 3,832,160,,0,
384,,6,blunt,Grandrock 1,884,170,thunder,360,True
385,,6,blunt,Grandrock 2,988,190,thunder,390,True
386,average,7,blunt,Hazak Vlafos,988,190,thunder,420,True
387,average,8,blunt,Pandemonium's Root,1040,200,dragon,210,False
388,,3,blunt,Bone Spike 1,676,130,dragon,270,False
389,,4,blunt,Bone Spike 2,728,140,sleep,150,False
390,,5,blunt,Baan Strike 1,780,150,sleep,180,False
391,,6,blunt,Baan Strike 2,884,170,sleep,210,False
392,,6,blunt,Baan Strike 3,988,190,sleep,240,False
393,,6,blunt,Brazenbreak 1,988,190,sleep,270,False
394,,7,blunt,Brazenbreak 2,1092,210,fire,120,False
395,,2,blunt,Kulu Beak 1,624,120,fire,120,False
396,,3,blunt,Kulu Beak 2,676,130,,0,
397,,4,blunt,Kulu Beak 3,728,140,,0,
398,,5,blunt,Crushing Beak 1,780,150,,0,
399,,6,blunt,Crushing Beak 2,832,160,sleep,240,True
400,,6,blunt,Crushing Beak 3,884,170,sleep,300,True
401,,4,blunt,Diablos Sledge 1,884,170,sleep,360,True
402,,5,blunt,Diablos Sledge 2,988,190,,0,
403,,6,blunt,Diablos Shatterer 1,1092,210,ice,150,True
404,,7,blunt,Diablos Shatterer 2,1196,230,ice,150,True
405,,2,blunt,Carapace Sledge 1,676,130,ice,150,True
406,,3,blunt,Carapace Sledge 2,728,140,,0,
407,,4,blunt,Carapace Sledge 3,832,160,,0,
408,,5,blunt,Barroth Breaker 1,936,180,,0,
409,,6,blunt,Barroth Breaker 2,988,190,paralysis,270,True
410,,6,blunt,Barroth Breaker 3,1040,200,paralysis,330,True
411,,3,blunt,Blazing Hammer 1,780,150,paralysis,390,True
412,,4,blunt,Blazing Hammer 2,832,160,fire,210,False
413,,5,blunt,Anja Striker 1,884,170,fire,270,False
414,,6,blunt,Anja Striker 2,988,190,fire,330,False
415,,6,blunt,Anja Striker 3,1092,210,fire,360,False
416,low,3,blunt,Dragonbone Basher 1,520,100,fire,450,False
417,low,4,blunt,Dragonbone Basher 2,572,110,dragon,300,False
418,low,6,blunt,Dragonbone Basher 3,832,160,dragon,360,False
419,,5,blunt,Magda Floga,832,160,dragon,420,False
420,,8,blunt,Ragefire Magda Floga,1144,220,blast,330,False
421,low,5,blunt,Blacksteel Hammer 1,520,100,blast,420,False
422,low,6,blunt,Blacksteel Hammer 2,572,110,dragon,120,False
423,,7,blunt,Icesteel Hammer,988,190,dragon,150,False
424,,8,blunt,Daora's Colossus,1040,200,ice,120,False
425,low,8,blunt,Xeno Maph'agarna,884,170,ice,150,False
426,,6,blunt,Jail Hammer,832,160,dragon,180,False
427,,8,blunt,Binder Mace,936,180,paralysis,180,False
428,,1,blunt,Metal Bagpipe 1,336,80,paralysis,210,False
429,,1,blunt,Metal Bagpipe 2,378,90,,0,
430,,2,blunt,Metal Bagpipe 3,420,100,,0,
431,,3,blunt,Great Bagpipe 1,462,110,,0,
432,,4,blunt,Great Bagpipe 2,546,130,,0,
433,,5,blunt,Great Bagpipe 3,588,140,,0,
434,,6,blunt,Fortissimo 1,672,160,paralysis,210,True
435,,6,blunt,Fortissimo 2,756,180,paralysis,240,True
436,high,7,blunt,Nergal Groove,840,200,paralysis,270,True
437,high,8,blunt,Desolation's Overture,882,210,dragon,120,False
438,,3,blunt,Thunder Gaida 1,504,120,dragon,150,False
439,,4,blunt,Thunder Gaida 2,546,130,thunder,120,False
440,,5,blunt,Lightning Drum 1,630,150,thunder,150,False
441,,6,blunt,Lightning Drum 2,714,170,thunder,180,False
442,,6,blunt,Lightning Drum 3,756,180,thunder,210,False
443,,2,blunt,Kulu Duda 1,420,100,thunder,240,False
444,,3,blunt,Kulu Duda 2,504,120,,0,
445,,4,blunt,Kulu Duda 3,588,140,,0,
446,,5,blunt,Dancing Davul 1,630,150,,0,
447,,6,blunt,Dancing Davul 2,672,160,sleep,240,True
448,,6,blunt,Dancing Davul 3,714,170,sleep,300,True
449,,3,blunt,Valkyrie Chordmaker,462,110,sleep,360,True
450,,5,blunt,Queen Chordmaker,630,150,fire,150,False
451,,6,blunt,Coral Chordmaker,714,170,fire,180,False
452,,7,blunt,Royal Chordmaker,798,190,fire,210,False
453,,2,blunt,Aqua Bagpipe 1,420,100,fire,240,False
454,,3,blunt,Aqua Bagpipe 2,504,120,water,120,False
455,,4,blunt,Aqua Bagpipe 3,546,130,water,150,False
456,,5,blunt,Water Tamtam 1,588,140,water,180,False
457,,6,blunt,Water Tamtam 2,672,160,water,210,False
458,,6,blunt,Water Tamtam 3,756,180,water,240,False
459,,4,blunt,Glacial Bagpipe 1,546,130,water,270,False
460,,5,blunt,Glacial Bagpipe 2,588,140,ice,240,False
461,,6,blunt,Sectored,630,150,ice,300,False
462,,7,blunt,Legia Sectored,672,160,ice,330,False
463,,1,blunt,Bone Horn 1,420,100,ice,360,False
464,,1,blunt,Bone Horn 2,462,110,,0,
465,,2,blunt,Bone Horn 3,504,120,,0,
466,,3,blunt,Hard Bone Horn 1,588,140,,0,
467,,5,blunt,Hard Bone Horn 2,672,160,,0,
468,,5,,Hard Bone Horn 3,672,160,ice,180,True
469,,6,blunt,Heavy Bone Horn 1,714,170,ice,180,True
470,,6,blunt,Heavy Bone Horn 2,798,190,ice,210,True
471,,6,blunt,Gama Horn 1,756,180,ice,240,True
472,,7,blunt,Gama Horn 2,798,190,blast,120,False
473,,3,blunt,Blazing Horn 1,546,130,blast,150,False
474,,4,blunt,Blazing Horn 2,630,150,fire,210,False
475,,5,blunt,Anja Barone 1,672,160,fire,240,False
476,,6,blunt,Anja Barone 2,798,190,fire,270,False
477,,6,blunt,Anja Barone 3,882,210,fire,330,False
478,,2,blunt,Blooming Horn 1,504,120,fire,450,False
479,,3,blunt,Blooming Horn 2,546,130,poison,240,False
480,,4,blunt,Blooming Horn 3,588,140,poison,300,False
481,,5,blunt,Datura Horn 1,630,150,poison,360,False
482,,6,blunt,Datura Horn 2,672,160,poison,420,False
483,,6,blunt,Datura Horn 3,714,170,poison,480,False
484,,3,blunt,Lumu Horn 1,546,130,poison,540,False
485,,4,blunt,Lumu Horn 2,588,140,,0,
486,,5,blunt,Lumu Barone 1,630,150,,0,
487,,6,blunt,Lumu Barone 2,672,160,water,420,True
488,,6,blunt,Lumu Barone 3,714,170,water,480,True
489,,6,blunt,Rookslayer Drum,756,180,water,570,True
490,,8,blunt,Bazelreid Rookslayer,840,200,blast,180,False
491,,2,blunt,Sonic Horn 1,462,110,blast,210,False
492,,3,blunt,Sonic Horn 2,504,120,paralysis,120,False
493,,4,blunt,Sonic Horn 3,546,130,paralysis,150,False
494,,5,blunt,Glass Royale,588,140,paralysis,180,False
495,,6,blunt,Glass Royale+,630,150,paralysis,240,False
496,,7,blunt,Queen Vespoid Horn,672,160,paralysis,270,False
497,,3,blunt,Spiked Horn 1,546,130,paralysis,300,False
498,,4,blunt,Spiked Horn 2,588,140,sleep,150,False
499,,5,blunt,Baan Horn 1,672,160,sleep,180,False
500,,6,blunt,Baan Horn 2,756,180,sleep,210,False
501,,6,blunt,Baan Horn 3,798,190,sleep,240,False
502,low,3,blunt,Dragonbone Auldhorn 1,420,100,sleep,270,False
503,low,4,blunt,Dragonbone Auldhorn 2,462,110,dragon,300,False
504,low,6,blunt,Dragonbone Auldhorn 3,672,160,dragon,360,False
505,,4,blunt,Thundercry Horn,504,120,dragon,420,False
506,,6,blunt,Thunderbolt Horn 1,588,140,thunder,390,False
507,,7,blunt,Thunderbolt Horn 2,672,160,thunder,480,False
508,low,5,blunt,Blacksteel Dragonhorn 1,420,100,thunder,540,False
509,low,6,blunt,Blacksteel Dragonhorn 2,462,110,dragon,120,False
510,,7,blunt,Teostra's Tiple,756,180,dragon,150,False
511,,8,blunt,Teostra's Orph�e,798,190,blast,330,False
512,low,8,blunt,Xeno Manasheena,714,170,blast,390,False
513,,1,sever,Iron Lance 1,184,80,dragon,180,False
514,,1,sever,Iron Lance 2,207,90,,0,
515,,2,sever,Iron Lance 3,230,100,,0,
516,,3,sever,Steel Lance 1,253,110,,0,
517,,4,sever,Steel Lance 2,299,130,,0,
518,,5,sever,Steel Lance 3,322,140,,0,
519,,6,sever,Chrome Lance 1,368,160,paralysis,210,True
520,,6,sever,Chrome Lance 2,414,180,paralysis,240,True
521,high,7,sever,Nergal Impaler,460,200,paralysis,270,True
522,high,8,sever,Perdition's Hand,483,210,dragon,120,False
523,,4,sever,Glacial Lance 1,299,130,dragon,150,False
524,,5,sever,Glacial Lance 2,322,140,ice,270,False
525,,6,sever,Legiana Halberd 1,345,150,ice,300,False
526,,7,sever,Legiana Halberd 2,368,160,ice,330,False
527,,2,sever,Kulu Lance 1,253,110,ice,360,False
528,,3,sever,Kulu Lance 2,276,120,,0,
529,,4,sever,Kulu Lance 3,299,130,,0,
530,,5,sever,Kulu Hasta 1,345,150,,0,
531,,6,sever,Kulu Hasta 2,368,160,sleep,330,True
532,,6,sever,Kulu Hasta 3,391,170,sleep,330,True
533,,6,sever,Gama Pilebunker 1,368,160,sleep,360,True
534,,7,sever,Gama Pilebunker 2,391,170,blast,180,False
535,,3,sever,Thunder Lance 1,276,120,blast,210,False
536,,4,sever,Thunder Lance 2,322,140,thunder,120,False
537,,5,sever,Lightning Spire 1,368,160,thunder,150,False
538,,6,sever,Lightning Spire 2,391,170,thunder,180,False
539,,6,sever,Lightning Spire 3,414,180,thunder,210,False
540,,2,sever,Blooming Lance 1,230,100,thunder,240,False
541,,3,sever,Blooming Lance 2,253,110,poison,240,False
542,,4,sever,Blooming Lance 3,299,130,poison,300,False
543,,5,sever,Datura Pike 1,345,150,poison,360,False
544,,6,sever,Datura Pike 2,368,160,poison,420,False
545,,6,sever,Datura Pike 3,391,170,poison,480,False
546,,4,sever,Flame Lance 1,299,130,poison,540,False
547,,5,sever,Flame Lance 2,322,140,fire,180,False
548,,6,sever,Red Tail,391,170,fire,210,False
549,,7,sever,Blue Tail,414,180,fire,240,False
550,,8,sever,Blue Prominence,437,190,fire,270,False
551,,1,sever,Bone Lance 1,207,90,fire,300,False
552,,2,sever,Bone Lance 2,253,110,,0,
553,,2,,Bone Lance 3,253,110,,0,
554,,3,sever,Hard Bone Lance 1,322,140,,0,
555,,4,sever,Hard Bone Lance 2,345,150,,0,
556,,5,sever,Hard Bone Lance 3,368,160,,0,
557,,6,sever,Heavy Bone Lance 1,391,170,poison,180,True
558,,6,sever,Heavy Bone Lance 2,437,190,poison,210,True
559,average,7,sever,Hazak W�chter,437,190,poison,240,True
560,average,8,sever,Love's Sorrow,460,200,dragon,240,False
561,,3,sever,Taurus Lance 1,276,120,dragon,270,False
562,,4,sever,Taurus Lance 2,299,130,,0,
563,,5,sever,Dark Stinger 1,322,140,,0,
564,,6,sever,Dark Stinger 2,345,150,blast,180,True
565,,6,sever,Dark Stinger 3,368,160,blast,210,True
566,,2,sever,Carapace Lance 1,253,110,blast,240,True
567,,3,sever,Carapace Lance 2,276,120,,0,
568,,4,sever,Carapace Lance 3,345,150,,0,
569,,5,sever,Barroth Stinger 1,391,170,,0,
570,,6,sever,Barroth Stinger 2,437,190,paralysis,300,True
571,,6,sever,Barroth Stinger 3,460,200,paralysis,330,True
572,,4,sever,Garon Lance 1,299,130,paralysis,360,True
573,,5,sever,Garon Lance 2,322,140,,0,
574,,6,sever,Garon Dhara 1,345,150,fire,150,True
575,,7,sever,Garon Dhara 2,391,170,fire,180,True
576,,2,sever,Aqua Horn 1,253,110,fire,210,True
577,,3,sever,Aqua Horn 2,276,120,water,150,False
578,,4,sever,Aqua Horn 3,322,140,water,180,False
579,,5,sever,Water Spike 1,345,150,water,210,False
580,,6,sever,Water Spike 2,391,170,water,240,False
581,,6,sever,Water Spike 3,437,190,water,270,False
582,low,3,sever,Dragonbone Lance 1,230,100,water,300,False
583,low,4,sever,Dragonbone Lance 2,253,110,dragon,300,False
584,low,6,sever,Dragonbone Lance 3,368,160,dragon,360,False
585,,6,sever,Rookslayer Lance,414,180,dragon,420,False
586,,8,sever,Bazel Myniad Rookslayer,460,200,blast,180,False
587,,4,sever,Thunderpike,253,110,blast,210,False
588,,8,sever,Thunderspear,368,160,thunder,420,False
589,,8,,Thunderpiercer,368,160,thunder,540,False
590,low,5,sever,Blacksteel Lance 1,230,100,thunder,540,False
591,low,6,sever,Blacksteel Lance 2,253,110,dragon,120,False
592,,7,sever,Icesteel Spear,391,170,dragon,150,False
593,,8,sever,Daora's Fang,414,180,ice,210,False
594,low,8,sever,Xeno Zauta,391,170,ice,240,False
595,,6,sever,Babel Spear,414,180,dragon,180,False
596,,8,sever,Elder Babel Spear,460,200,fire,270,True
597,,1,sever,Iron Gunlance 1,184,80,fire,330,True
598,,1,sever,Iron Gunlance 2,207,90,,0,
599,,2,sever,Iron Gunlance 3,230,100,,0,
600,,3,sever,Steel Gunlance 1,253,110,,0,
601,,4,sever,Steel Gunlance 2,299,130,,0,
602,,5,sever,Steel Gunlance 3,322,140,,0,
603,,6,sever,Chrome Gunlance 1,368,160,blast,210,True
604,,6,sever,Chrome Gunlance 2,414,180,blast,240,True
605,high,7,sever,Nergal Ram,460,200,blast,270,True
606,high,8,sever,Eradication Flame,483,210,dragon,120,False
607,,2,sever,Pulsar Gunlance 1,230,100,dragon,150,False
608,,3,sever,Pulsar Gunlance 2,253,110,thunder,120,False
609,,4,sever,Pulsar Gunlance 3,299,130,thunder,150,False
610,,5,sever,Kadachi Striker,345,150,thunder,180,False
611,,6,sever,Kadachi Striker+,391,170,thunder,210,False
612,,7,sever,Mythic Kadachi Striker,414,180,thunder,240,False
613,,4,sever,Rath Gunlance 1,276,120,thunder,270,False
614,,5,sever,Rath Gunlance 2,322,140,fire,120,False
615,,6,sever,Red Rook,345,150,fire,150,False
616,,7,sever,Blue Rook,414,180,fire,180,False
617,,8,sever,Blue Chariot,437,190,fire,210,False
618,,3,sever,Princess Panoply,276,120,fire,240,False
619,,5,sever,Princess Panoply+,345,150,poison,240,False
620,,6,sever,Rose Burst,391,170,poison,270,False
621,,7,sever,Royal Burst,437,190,poison,300,False
622,,2,sever,Madness Gunlance 1,253,110,poison,330,False
623,,3,sever,Madness Gunlance 2,276,120,water,210,False
624,,4,sever,Madness Gunlance 3,299,130,water,240,False
625,,5,sever,Jyura Buster 1,345,150,water,270,False
626,,6,sever,Jyura Buster 2,368,160,water,300,False
627,,6,sever,Jyura Buster 3,437,190,water,330,False
628,,4,sever,Glacial Gunlance 1,299,130,water,360,False
629,,5,sever,Glacial Gunlance 2,322,140,ice,180,False
630,,6,sever,Legiana Cannon 1,345,150,ice,240,False
631,,7,sever,Legiana Cannon 2,368,160,ice,300,False
632,,1,sever,Bone Gunlance 1,207,90,ice,360,False
633,,1,sever,Bone Gunlance 2,230,100,,0,
634,,2,sever,Bone Gunlance 3,253,110,,0,
635,,3,sever,Bone Cannon 1,276,120,,0,
636,,4,sever,Bone Cannon 2,322,140,,0,
637,,5,sever,Bone Cannon 3,368,160,,0,
638,,6,sever,Great Bone Gunlance 1,391,170,thunder,210,True
639,,6,sever,Great Bone Gunlance 2,437,190,thunder,240,True
640,,6,sever,Bazel Buster 1,437,190,thunder,270,True
641,,7,sever,Bazel Buster 2,460,200,blast,180,False
642,,2,sever,Jagras Gunlance 1,253,110,blast,210,False
643,,3,sever,Jagras Gunlance 2,276,120,,0,
644,,4,sever,Jagras Gunlance 3,322,140,,0,
645,,5,sever,Glutton Gunlance 1,345,150,,0,
646,,6,sever,Glutton Gunlance 2,437,190,sleep,240,True
647,,6,sever,Glutton Gunlance 3,437,190,sleep,270,True
648,,3,sever,Girros Gunlance 1,276,120,sleep,300,True
649,,4,sever,Girros Gunlance 2,299,130,paralysis,210,False
650,,5,sever,Deathfang Gunlance 1,322,140,paralysis,270,False
651,,6,sever,Deathfang Gunlance 2,345,150,paralysis,330,False
652,,6,sever,Deathfang Gunlance 3,368,160,paralysis,390,False
653,average,7,sever,Hazak Spysa 1,437,190,paralysis,450,False
654,average,7,sever,Hazak Spysa 2,460,200,dragon,240,False
655,,2,sever,Carapace Cannon 1,276,120,dragon,270,False
656,,3,sever,Carapace Cannon 2,299,130,,0,
657,,4,sever,Carapace Cannon 3,345,150,,0,
658,,5,sever,Barroth Blaster 1,391,170,,0,
659,,6,sever,Barroth Blaster 2,437,190,paralysis,270,True
660,,6,sever,Barroth Blaster 3,460,200,paralysis,330,True
661,,3,sever,Blazing Gunlance 1,299,130,paralysis,390,True
662,,4,sever,Blazing Gunlance 2,322,140,fire,210,False
663,,5,sever,Anja Cannon 1,368,160,fire,240,False
664,,6,sever,Anja Cannon 2,414,180,fire,270,False
665,,6,sever,Anja Cannon 3,483,210,fire,330,False
666,low,3,sever,Dragonbone Gunlance 1,230,100,fire,450,False
667,low,4,sever,Dragonbone Gunlance 2,253,110,dragon,360,False
668,low,6,sever,Dragonbone Gunlance 3,368,160,dragon,390,False
669,,5,sever,Magda Lahat,368,160,dragon,420,False
670,,8,sever,Earthshaker Magda Lahat,460,200,blast,330,False
671,low,5,sever,Blacksteel Gunlance 1,230,100,blast,420,False
672,low,6,,Blacksteel Gunlance 2,253,110,dragon,120,False
673,,7,sever,Icesteel Gunlance,391,170,dragon,150,False
674,,8,sever,Daora's Brigia,414,180,ice,210,False
675,low,8,sever,Xeno Hemta,391,170,ice,240,False
676,,1,sever,Proto Iron Axe 1,280,80,dragon,180,False
677,,1,sever,Proto Iron Axe 2,315,90,,0,
678,,2,sever,Proto Iron Axe 3,350,100,,0,
679,,3,sever,Improved Steel Axe 1,385,110,,0,
680,,4,sever,Improved Steel Axe 2,455,130,,0,
681,,5,sever,Improved Steel Axe 3,490,140,,0,
682,,6,sever,Perfected Alloy Axe 1,560,160,poison,300,True
683,,6,sever,Perfected Alloy Axe 2,630,180,poison,360,True
684,high,7,sever,Nergal Gash,665,190,poison,420,True
685,high,8,sever,Dying Light,700,200,dragon,120,False
686,,4,sever,Glacial Axe 1,455,130,dragon,150,False
687,,5,sever,Glacial Axe 2,490,140,ice,210,False
688,,7,sever,Frostreaver,560,160,ice,240,False
689,,7,,Legia Frostreaver,560,160,ice,300,False
690,,3,sever,Thunder Axe 1,420,120,ice,300,False
691,,4,sever,Thunder Axe 2,490,140,thunder,90,False
692,,5,sever,Lightning Chopper 1,560,160,thunder,90,False
693,,6,sever,Lightning Chopper 2,595,170,thunder,120,False
694,,6,sever,Lightning Chopper 3,630,180,thunder,150,False
695,,6,sever,Motor Chopper 1,630,180,thunder,180,False
696,,7,sever,Motor Chopper 2,735,210,fire,120,False
697,,2,sever,Jagras Axe 1,385,110,fire,120,False
698,,3,sever,Jagras Axe 2,420,120,,0,
699,,4,sever,Jagras Axe 3,490,140,,0,
700,,5,sever,Jagras Raider 1,560,160,,0,
701,,6,sever,Jagras Raider 2,630,180,sleep,180,True
702,,6,sever,Jagras Raider 3,665,190,sleep,210,True
703,,6,sever,Bazel Raider 1,665,190,sleep,240,True
704,,7,sever,Bazel Raider 2,700,200,blast,150,False
705,,4,sever,Rathalos Axe 1,455,130,blast,180,False
706,,5,sever,Rathalos Axe 2,490,140,fire,120,False
707,,6,sever,Rathbringer Axe 1,560,160,fire,120,False
708,,7,sever,Rathbringer Axe 2,665,190,fire,150,False
709,,1,sever,Bone Axe 1,315,90,fire,150,False
710,,1,sever,Bone Axe 2,350,100,,0,
711,,2,sever,Bone Axe 3,385,110,,0,
712,,3,sever,Bone Smasher 1,490,140,,0,
713,,4,sever,Bone Smasher 2,525,150,,0,
714,,5,sever,Bone Smasher 3,560,160,,0,
715,average,6,sever,Power Smasher 1,595,170,,0,
716,average,6,sever,Power Smasher 2,665,190,,0,
717,average,7,sever,Hazak Demios 1,665,190,,0,
718,average,7,,Hazak Demios 2,700,200,dragon,180,False
719,,2,sever,Madness Axe 1,385,110,dragon,210,False
720,,3,sever,Madness Axe 2,420,120,water,150,False
721,,4,sever,Madness Axe 3,490,140,water,180,False
722,,5,sever,Jyura Drought 1,560,160,water,210,False
723,,6,sever,Jyura Drought 2,630,180,water,240,False
724,,7,sever,Jyura Drought 3,665,190,water,270,False
725,,3,sever,Lumu Axe 1,420,120,water,300,False
726,,4,sever,Lumu Axe 2,490,140,,0,
727,,5,sever,Lumu Smasher 1,525,150,,0,
728,,6,sever,Lumu Smasher 2,560,160,blast,360,True
729,,7,sever,Lumu Smasher 3,595,170,blast,390,True
730,,2,sever,Carapace Axe 1,420,120,blast,420,True
731,,3,sever,Carapace Axe 2,490,140,,0,
732,,4,sever,Carapace Axe 3,560,160,,0,
733,,5,sever,Barroth Grinder 1,595,170,,0,
734,,6,sever,Barroth Grinder 2,665,190,paralysis,240,True
735,,6,sever,Barroth Grinder 3,735,210,paralysis,270,True
736,,4,sever,Diablos Axe 1,595,170,paralysis,300,True
737,,5,sever,Diablos Axe 2,630,180,,0,
738,,6,sever,Axe Semper Tyrannis,735,210,ice,90,True
739,,7,sever,Axe of Thanatos,770,220,ice,120,True
740,,8,sever,Axe of Demons,805,230,ice,150,True
741,,3,sever,Flammenbeil,455,130,ice,180,True
742,,5,sever,Flammenbeil+,560,160,fire,180,False
743,,7,sever,Gnashing Flammenbeil,735,210,fire,240,False
744,low,3,sever,Dragonbone Slicer 1,350,100,fire,300,False
745,low,4,sever,Dragonbone Slicer 2,385,110,dragon,210,False
746,low,6,sever,Dragonbone Slicer 3,560,160,dragon,270,False
747,,4,sever,Peal,385,110,dragon,330,False
748,,7,sever,Peal+,490,140,thunder,360,False
749,,8,sever,Kirin Thunderpeal,560,160,thunder,390,False
750,low,5,sever,Blacksteel Switch Axe 1,350,100,thunder,420,False
751,low,6,sever,Blacksteel Switch Axe 2,385,110,dragon,120,False
752,,7,sever,Teostra's Arx,630,180,dragon,150,False
753,,8,sever,Teostra's Castle,665,190,blast,300,False
754,low,8,sever,Xeno Martshu,595,170,blast,300,False
755,,1,sever,Proto Commission Axe 1,288,80,dragon,150,False
756,,1,sever,Proto Commission Axe 2,324,90,,0,
757,,2,sever,Proto Commission Axe 3,360,100,,0,
758,,3,sever,Elite Commission Axe 1,396,110,,0,
759,,4,sever,Elite Commission Axe 2,468,130,,0,
760,,5,sever,Elite Commission Axe 3,504,140,,0,
761,,6,sever,Chrome Guardian 1,576,160,thunder,120,True
762,,6,sever,Chrome Guardian 2,648,180,thunder,150,True
763,high,7,sever,Nergal Lacerator,720,200,thunder,270,True
764,high,8,sever,Devastation's Thorns,756,210,dragon,120,False
765,,4,sever,Rathsblade 1,432,120,dragon,150,False
766,,5,sever,Rathsblade 2,576,160,fire,150,False
767,,6,sever,Axelion Blade,612,170,fire,180,False
768,,7,sever,Halberion Blade,684,190,fire,210,False
769,,2,sever,Mudslide Blade 1,396,110,fire,240,False
770,,3,sever,Mudslide Blade 2,432,120,water,120,False
771,,4,sever,Mudslide Blade 3,504,140,water,150,False
772,,5,sever,Jyura Depth 1,576,160,water,180,False
773,,6,sever,Jyura Depth 2,648,180,water,210,False
774,,6,sever,Jyura Depth 3,684,190,water,240,False
775,,4,sever,Everfrost Blade 1,504,140,water,270,False
776,,5,sever,Everfrost Blade 2,540,150,ice,150,False
777,,6,sever,Gigafrost 1,576,160,ice,180,False
778,,6,sever,Gigafrost 2,612,170,ice,210,False
779,,3,sever,Dear Lutemis,468,130,ice,240,False
780,,5,sever,Dear Lutemia,540,150,poison,240,False
781,,6,sever,Dear Hecatel,612,170,poison,270,False
782,,7,sever,Dear Hecatelia,684,190,poison,300,False
783,,1,sever,Bone Strongarm 1,324,90,poison,330,False
784,,1,sever,Bone Strongarm 2,360,100,,0,
785,,2,sever,Bone Strongarm 3,396,110,,0,
786,,3,sever,Hard Bone Strongarm 1,432,120,,0,
787,,4,sever,Hard Bone Strongarm 2,504,140,,0,
788,,5,sever,Hard Bone Strongarm 3,576,160,,0,
789,,6,sever,Mighty Strongarm 1,612,170,blast,180,True
790,,6,sever,Mighty Strongarm 2,684,190,blast,210,True
791,,4,sever,Diablos Wall 1,612,170,blast,240,True
792,,5,,Diablos Wall 2,684,195,,0,
793,,6,sever,Diablos Tyrannis 1,756,210,ice,90,True
794,,7,sever,Diablos Tyrannis 2,828,230,ice,120,True
795,,2,sever,Jagras Strongarm 1,396,110,ice,150,True
796,,3,sever,Jagras Strongarm 2,432,120,,0,
797,,4,sever,Jagras Strongarm 3,468,130,,0,
798,,5,sever,Jagras Escudo 1,540,150,,0,
799,,6,sever,Jagras Escudo 2,648,180,sleep,120,True
800,,6,,Jagras Escudo 3,684,195,sleep,150,True
801,,6,sever,Gama Silt 1,576,160,sleep,180,True
802,,7,sever,Gama Silt 2,612,170,blast,150,False
803,,3,sever,Girros Strongarm 1,432,120,blast,180,False
804,,4,sever,Girros Strongarm 2,468,130,paralysis,180,False
805,,5,sever,Girros Nadja 1,504,140,paralysis,210,False
806,,6,sever,Girros Nadja 2,540,150,paralysis,240,False
807,,6,sever,Girros Nadja 3,576,160,paralysis,270,False
808,average,7,sever,Hazak Aspida 1,648,180,paralysis,300,False
809,average,7,sever,Hazak Aspida 2,684,190,dragon,210,False
810,,2,sever,Pulsar Strongarm 1,396,110,dragon,270,False
811,,3,sever,Pulsar Strongarm 2,432,120,thunder,90,False
812,,4,sever,Pulsar Strongarm 3,468,130,thunder,120,False
813,,5,sever,Kadachi Kaina 1,504,140,thunder,120,False
814,,6,sever,Kadachi Kaina 2,576,160,thunder,150,False
815,,6,sever,Kadachi Kaina 3,648,180,thunder,180,False
816,,4,sever,Garon Strongarm 1,468,130,thunder,210,False
817,,5,sever,Garon Strongarm 2,504,140,,0,
818,,6,sever,Hate's Undying Flame,540,150,fire,120,True
819,,8,sever,Odium,576,160,fire,150,True
820,low,3,sever,Dragonbone Cutter 1,360,100,fire,180,True
821,low,4,sever,Dragonbone Cutter 2,396,110,dragon,270,False
822,low,6,sever,Dragonbone Cutter 3,576,160,dragon,300,False
823,,5,sever,Magda Manus,576,160,dragon,360,False
824,,8,sever,Avenging Magda Manus,756,210,blast,180,False
825,low,5,sever,Blacksteel Charger 1,360,100,blast,210,False
826,low,6,sever,Blacksteel Charger 2,396,110,dragon,120,False
827,,7,sever,Daora's Casca,612,170,dragon,150,False
828,,8,sever,Daora's Thwartoise,648,180,ice,150,False
829,low,8,sever,Xeno Ra'atz,648,180,ice,180,False
830,,1,sever,Iron Blade 1,248,80,dragon,180,False
831,,1,sever,Iron Blade 2,279,90,,0,
832,,2,sever,Iron Blade 3,310,100,,0,
833,,3,sever,Steel Blade 1,341,110,,0,
834,,4,sever,Steel Blade 2,403,130,,0,
835,,5,sever,Steel Blade 3,434,140,,0,
836,,6,sever,Chrome Blade 1,496,160,blast,210,True
837,,6,sever,Chrome Blade 2,558,180,blast,240,True
838,high,7,sever,Nergal Reaper,620,200,blast,270,True
839,high,8,sever,Catastrophe's Light,651,210,dragon,120,False
840,,4,sever,Flame Glaive 1,372,120,dragon,150,False
841,,5,sever,Flame Glaive 2,465,150,fire,90,False
842,,6,sever,Rathmaul,527,170,fire,120,False
843,,7,sever,Firedance Rathmaul,589,190,fire,150,False
844,,2,sever,Kulu Blade 1,310,100,fire,180,False
845,,3,sever,Kulu Blade 2,341,110,,0,
846,,4,sever,Kulu Blade 3,434,140,,0,
847,,5,sever,Ya-Ku Wrath 1,465,150,,0,
848,,6,sever,Ya-Ku Wrath 2,496,160,sleep,150,True
849,,6,sever,Ya-Ku Wrath 3,527,170,sleep,180,True
850,,3,sever,Luminous Blade 1,372,120,sleep,210,True
851,,4,sever,Luminous Blade 2,434,140,,0,
852,,5,sever,Destroyer Bo 1,496,160,,0,
853,,6,sever,Destroyer Bo 2,527,170,thunder,240,True
854,,6,sever,Destroyer Bo 3,558,180,thunder,270,True
855,,4,sever,Frost Blade 1,434,140,thunder,300,True
856,,5,sever,Frost Blade 2,465,150,ice,150,False
857,,6,sever,Freeze Gale 1,496,160,ice,180,False
858,,6,sever,Freeze Gale 2,527,170,ice,210,False
859,,2,sever,Blooming Glaive 1,310,100,ice,240,False
860,,3,sever,Blooming Glaive 2,341,110,poison,240,False
861,,4,sever,Blooming Glaive 3,403,130,poison,270,False
862,,5,sever,Datura Blade 1,465,150,poison,300,False
863,,6,sever,Datura Blade 2,496,160,poison,330,False
864,,6,sever,Datura Blade 3,527,170,poison,360,False
865,,6,sever,Gama Cane 1,496,160,poison,390,False
866,,7,sever,Gama Cane 2,527,170,blast,120,False
867,,1,sever,Bone Rod 1,279,90,blast,150,False
868,,1,sever,Bone Rod 2,310,100,,0,
869,,2,sever,Bone Rod 3,341,110,,0,
870,,3,sever,Hard Bone Rod 1,434,140,,0,
871,,4,sever,Hard Bone Rod 2,465,150,,0,
872,,5,sever,Hard Bone Rod 3,496,160,,0,
873,,6,sever,Aerial Rod 1,527,170,paralysis,180,True
874,,6,sever,Aerial Rod 2,589,190,paralysis,210,True
875,average,7,sever,Hazak Entoma 1,589,190,paralysis,210,True
876,average,7,sever,Hazak Entoma 2,620,200,dragon,150,False
877,,3,sever,Flammenkaefer,403,130,dragon,180,False
878,,5,sever,Flammenkaefer+,558,180,fire,210,False
879,,7,sever,Gnashing Flammenkaefer,651,210,fire,240,False
880,,2,sever,Aqua Rod 1,341,110,fire,270,False
881,,3,sever,Aqua Rod 2,372,120,water,60,False
882,,4,sever,Aqua Rod 3,434,140,water,90,False
883,,5,sever,Water Glaive 1,465,150,water,120,False
884,,6,sever,Water Glaive 2,527,170,water,150,False
885,,6,sever,Water Glaive 3,589,190,water,180,False
886,,4,sever,Diablos Rod 1,496,160,water,210,False
887,,5,sever,Diablos Rod 2,620,200,,0,
888,,6,sever,Tyrannis Glaive 1,682,220,ice,120,True
889,,6,sever,Tyrannis Glaive 2,713,230,ice,150,True
890,,2,sever,Pulsar Rod 1,341,110,ice,180,True
891,,3,sever,Pulsar Rod 2,372,120,thunder,90,False
892,,4,sever,Pulsar Rod 3,434,140,thunder,120,False
893,,5,sever,Kadachi Pillar 1,465,150,thunder,150,False
894,,6,sever,Kadachi Pillar 2,527,170,thunder,180,False
895,,6,sever,Kadachi Pillar 3,558,180,thunder,210,False
896,,4,sever,Garon Rod 1,403,130,thunder,240,False
897,,5,sever,Garon Rod 2,434,140,,0,
898,,6,sever,Temptation's Trident,465,150,fire,90,True
899,,6,sever,Vice,496,160,fire,120,True
900,low,3,sever,Dragonbone Glaive 1,310,100,fire,150,True
901,low,4,sever,Dragonbone Glaive 2,341,110,dragon,300,False
902,low,6,sever,Dragonbone Glaive 3,496,160,dragon,330,False
903,,4,sever,Indigo Flash,341,110,dragon,390,False
904,,7,sever,Azure Bolt,434,140,thunder,300,False
905,,8,sever,Verdant Levin,496,160,thunder,330,False
906,low,5,sever,Blacksteel Glaive 1,310,100,thunder,390,False
907,low,6,sever,Blacksteel Glaive 2,341,110,dragon,60,False
908,low,7,sever,Daora's Entom,527,170,dragon,90,False
909,low,8,sever,Daora's Tethidine,558,180,ice,150,False
910,low,8,sever,Xeno Shmaena,558,180,ice,180,False
911,,1,projectile,Chain Blitz 1,130,100,dragon,120,False
912,,1,projectile,Chain Blitz 2,143,110,,0,
913,,2,projectile,Chain Blitz 3,156,120,,0,
914,,3,projectile,High Chain Blitz 1,169,130,,0,
915,,4,projectile,High Chain Blitz 2,182,140,,0,
916,,5,projectile,High Chain Blitz 3,195,150,,0,
917,,6,projectile,Cross Blitz 1,208,160,,0,
918,,6,projectile,Cross Blitz 2,234,180,,0,
919,,7,projectile,Nergal Spitter,247,190,,0,
920,,8,projectile,Cataclysm's Trigger,260,200,,0,
921,,3,projectile,Lumu Blitz 1,169,130,,0,
922,,4,projectile,Lumu Blitz 2,182,140,,0,
923,,5,projectile,Lumu Typhon 1,195,150,,0,
924,,6,projectile,Lumu Typhon 2,208,160,,0,
925,,6,projectile,Lumu Typhon 3,221,170,,0,
926,,6,projectile,Bazel Typhoon 1,247,190,,0,
927,,7,projectile,Bazel Typhoon 2,260,200,,0,
928,,2,projectile,Jagras Blitz 1,169,130,,0,
929,,3,projectile,Jagras Blitz 2,182,140,,0,
930,,4,projectile,Jagras Blitz 3,195,150,,0,
931,,5,projectile,Jagras Fire 1,208,160,,0,
932,,6,projectile,Jagras Fire 2,234,180,,0,
933,,6,projectile,Jagras Fire 3,247,190,,0,
934,,4,projectile,Flame Blitz 1,195,150,,0,
935,,5,projectile,Flame Blitz 2,208,160,,0,
936,,6,projectile,Rathbuster 1,221,170,,0,
937,,7,projectile,Rathbuster 2,247,190,,0,
938,,3,projectile,Thunder Blitz 1,182,140,,0,
939,,4,projectile,Thunder Blitz 2,195,150,,0,
940,,5,projectile,Lightning Blitz 1,208,160,,0,
941,,6,projectile,Lightning Blitz 2,221,170,,0,
942,,6,projectile,Lightning Blitz 3,234,180,,0,
943,,4,projectile,Snow Blitz 1,182,140,,0,
944,,5,projectile,Snow Blitz 2,195,150,,0,
945,,6,projectile,Frost Blitz 1,221,170,,0,
946,,6,projectile,Frost Blitz 2,247,190,,0,
947,,1,projectile,Hunter's Rifle 1,143,110,,0,
948,,1,projectile,Hunter's Rifle 2,156,120,,0,
949,,2,projectile,Hunter's Rifle 3,169,130,,0,
950,,3,projectile,Power Rifle 1,182,140,,0,
951,,4,projectile,Power Rifle 2,195,150,,0,
952,,5,projectile,Power Rifle 3,208,160,,0,
953,,6,projectile,Sniper Shot 1,221,170,,0,
954,,6,projectile,Sniper Shot 2,247,190,,0,
955,,7,projectile,Hazak Ereipia,247,190,,0,
956,,8,projectile,Gulgoleth's Wail,260,200,,0,
957,,3,projectile,Blazing Rifle 1,195,150,,0,
958,,4,projectile,Blazing Rifle 2,221,170,,0,
959,,5,projectile,Anja Buster 1,234,180,,0,
960,,6,projectile,Anja Buster 2,260,200,,0,
961,,6,projectile,Anja Buster 3,273,210,,0,
962,,2,projectile,Madness Rifle 1,169,130,,0,
963,,3,projectile,Madness Rifle 2,182,140,,0,
964,,4,projectile,Madness Rifle 3,195,150,,0,
965,,5,projectile,Jyura Bullet 1,208,160,,0,
966,,6,projectile,Jyura Bullet 2,234,180,,0,
967,,6,projectile,Jyura Bullet 3,247,190,,0,
968,,6,projectile,Lava Bullet 1,221,170,,0,
969,,7,projectile,Lava Bullet 2,234,180,,0,
970,,2,projectile,Carapace Rifle 1,169,130,,0,
971,,3,projectile,Carapace Rifle 2,182,140,,0,
972,,4,projectile,Carapace Rifle 3,208,160,,0,
973,,5,projectile,Barroth Shot 1,234,180,,0,
974,,6,projectile,Barroth Shot 2,247,190,,0,
975,,6,projectile,Barroth Shot 3,260,200,,0,
976,,4,projectile,Garon Rifle 1,195,150,,0,
977,,5,projectile,Garon Rifle 2,208,160,,0,
978,,6,projectile,Fate's Ember,221,170,,0,
979,,8,projectile,Karma,234,180,,0,
980,,3,projectile,Dragonbone Bowgun 1,130,100,,0,
981,,4,projectile,Dragonbone Bowgun 2,143,110,,0,
982,,6,projectile,Dragonbone Bowgun 3,208,160,,0,
983,,7,projectile,Onigashima,208,160,,0,
984,,8,projectile,Dai-Onigashima,221,170,,0,
985,,4,projectile,Mythical Horn,143,110,,0,
986,,7,projectile,Mythical Horn+,182,140,,0,
987,,8,projectile,Mythical Three-Horn,208,160,,0,
988,,5,projectile,Blacksteel Crossbow 1,130,100,,0,
989,,6,projectile,Blacksteel Crossbow 2,143,110,,0,
990,,7,projectile,Icesteel Wasp,221,170,,0,
991,,8,projectile,Daora's Hornet,234,180,,0,
992,,8,projectile,Xeno Neqiina,234,180,,0,
993,,6,projectile,Cross Bowgun,234,180,,0,
994,,8,projectile,Great Bowgun,260,200,,0,
995,,1,projectile,Iron Assault 1,150,100,,0,
996,,1,projectile,Iron Assault 2,165,110,,0,
997,,2,projectile,Iron Assault 3,180,120,,0,
998,,3,projectile,Steel Assault 1,195,130,,0,
999,,4,projectile,Steel Assault 2,210,140,,0,
1000,,5,projectile,Steel Assault 3,225,150,,0,
1001,,6,projectile,Chrome Assault 1,240,160,,0,
1002,,6,projectile,Chrome Assault 2,255,170,,0,
1003,,7,projectile,Nergal Roar,270,180,,0,
1004,,8,projectile,Destruction's Fusillade,285,190,,0,
1005,,2,projectile,Aqua Assault 1,180,120,,0,
1006,,3,projectile,Aqua Assault 2,195,130,,0,
1007,,4,projectile,Aqua Assault 3,210,140,,0,
1008,,5,projectile,Water Cannon 1,225,150,,0,
1009,,6,projectile,Water Cannon 2,240,160,,0,
1010,,6,projectile,Water Cannon 3,255,170,,0,
1011,,3,projectile,Luminous Assault 1,195,130,,0,
1012,,4,projectile,Luminous Assault 2,210,140,,0,
1013,,5,projectile,Arma Destroyer 1,225,150,,0,
1014,,6,projectile,Arma Destroyer 2,240,160,,0,
1015,,6,projectile,Arma Destroyer 3,255,170,,0,
1016,,4,projectile,Shattercryst,210,140,,0,
1017,,6,projectile,Shattercryst+,240,160,,0,
1018,,8,projectile,Legia Shattercryst,255,170,,0,
1019,,2,projectile,Jagras Assault 1,180,120,,0,
1020,,3,projectile,Jagras Assault 2,195,130,,0,
1021,,4,projectile,Jagras Assault 3,210,140,,0,
1022,,5,projectile,Jagras Cannon 1,240,160,,0,
1023,,6,projectile,Jagras Cannon 2,255,170,,0,
1024,,3,projectile,Blazing Assault 1,210,140,,0,
1025,,4,projectile,Blazing Assault 2,225,150,,0,
1026,,5,projectile,Flammenkanone,255,170,,0,
1027,,7,projectile,Gnashing Flammenkanone,300,200,,0,
1028,,1,projectile,Bone Shooter 1,150,100,,0,
1029,,1,projectile,Bone Shooter 2,165,110,,0,
1030,,2,projectile,Bone Shooter 3,195,130,,0,
1031,,3,projectile,Heavy Shooter 1,210,140,,0,
1032,,4,projectile,Heavy Shooter 2,225,150,,0,
1033,,5,projectile,Heavy Shooter 3,240,160,,0,
1034,,6,projectile,Power Shooter 1,255,170,,0,
1035,,6,projectile,Power Shooter 2,270,180,,0,
1036,,4,projectile,Diablos Shooter 1,240,160,,0,
1037,,5,projectile,Diablos Shooter 2,270,180,,0,
1038,,6,projectile,Dual Threat,300,200,,0,
1039,,7,projectile,Nero's Blazooka,315,210,,0,
1040,,8,projectile,Griffon Blazooka,330,220,,0,
1041,,2,projectile,Blooming Shooter 1,180,120,,0,
1042,,3,projectile,Blooming Shooter 2,195,130,,0,
1043,,4,projectile,Blooming Shooter 3,210,140,,0,
1044,,5,projectile,Datura Blaster 1,225,150,,0,
1045,,6,projectile,Datura Blaster 2,240,160,,0,
1046,,6,projectile,Datura Blaster 3,255,170,,0,
1047,,3,projectile,Spiked Shooter 1,195,130,,0,
1048,,4,projectile,Spiked Shooter 2,210,140,,0,
1049,,5,projectile,Baan Roar 1,225,150,,0,
1050,,6,projectile,Baan Roar 2,255,170,,0,
1051,,6,projectile,Baan Roar 3,270,180,,0,
1052,,6,projectile,Gama Cannon 1,240,160,,0,
1053,,7,projectile,Gama Cannon 2,255,170,,0,
1054,,2,projectile,Pulsar Shooter 1,180,120,,0,
1055,,3,projectile,Pulsar Shooter 2,195,130,,0,
1056,,4,projectile,Pulsar Shooter 3,210,140,,0,
1057,,5,projectile,Kadachi Lion 1,225,150,,0,
1058,,6,projectile,Kadachi Lion 2,240,160,,0,
1059,,6,projectile,Kadachi Lion 3,255,170,,0,
1060,,3,projectile,Dragonbone Cannon 1,150,100,,0,
1061,,4,projectile,Dragonbone Cannon 2,210,140,,0,
1062,,6,projectile,Dragonbone Cannon 3,255,170,,0,
1063,,4,projectile,Quickcaster,195,130,,0,
1064,,7,projectile,Quickcaster+,240,160,,0,
1065,,8,projectile,Quickquiver,255,170,,0,
1066,,5,projectile,Magda Gemitus 1,240,160,,0,
1067,,7,projectile,Magda Gemitus 2,315,210,,0,
1068,,5,projectile,Blacksteel Cannon 1,150,100,,0,
1069,,6,projectile,Blacksteel Cannon 2,165,110,,0,
1070,,7,projectile,Teostra's Artillery,255,170,,0,
1071,,8,projectile,Teostra's Flames,270,180,,0,
1072,,8,projectile,Xeno Jiiqa,255,170,,0,
1073,,1,projectile,Iron Bow 1,96,80,,0,
1074,,1,projectile,Iron Bow 2,108,90,,0,
1075,,2,projectile,Iron Bow 3,120,100,,0,
1076,,3,projectile,Steel Bow 1,132,110,,0,
1077,,4,projectile,Steel Bow 2,156,130,,0,
1078,,5,projectile,Steel Bow 3,168,140,,0,
1079,,6,projectile,Alloy Bow 1,180,150,thunder,90,True
1080,,6,projectile,Alloy Bow 2,204,170,thunder,120,True
1081,high,7,projectile,Nergal Whisper,228,190,thunder,150,True
1082,high,8,projectile,Doom's Shaft,240,200,dragon,120,False
1083,,2,projectile,Kulu Arrow 1,120,100,dragon,150,False
1084,,3,projectile,Kulu Arrow 2,132,110,,0,
1085,,4,projectile,Kulu Arrow 3,156,130,,0,
1086,,5,projectile,Archer's Dance 1,180,150,,0,
1087,,6,projectile,Archer's Dance 2,204,170,blast,210,True
1088,,6,projectile,Archer's Dance 3,204,170,blast,270,True
1089,,6,projectile,Brazencord,204,170,blast,270,True
1090,,8,projectile,Gigacles,228,190,fire,120,False
1091,,3,projectile,Princess Arrow 1,132,110,fire,150,False
1092,low,5,projectile,Princess Arrow 2,192,160,,0,
1093,low,6,projectile,Princess Arrow 3,216,180,dragon,180,True
1094,,4,projectile,Rathslinger 1,144,120,dragon,240,True
1095,,6,projectile,Rathslinger 2,204,170,fire,150,False
1096,,7,projectile,Rathslinger 3,216,180,fire,210,False
1097,,2,projectile,Aqua Arrow 1,120,100,fire,240,False
1098,,3,projectile,Aqua Arrow 2,132,110,water,90,False
1099,,4,projectile,Aqua Arrow 3,144,120,water,120,False
1100,,5,projectile,Water Shot 1,168,140,water,150,False
1101,,6,projectile,Water Shot 2,180,150,water,180,False
1102,,6,projectile,Water Shot 3,204,170,water,210,False
1103,,4,projectile,Glacial Arrow 1,144,120,water,240,False
1104,,5,projectile,Glacial Arrow 2,156,130,ice,270,False
1105,,6,projectile,Snowfletcher,168,140,ice,330,False
1106,,8,projectile,Legia Snowfletcher,180,150,ice,360,False
1107,,1,projectile,Hunter's Bow 1,120,100,ice,390,False
1108,,1,projectile,Hunter's Bow 2,132,110,,0,
1109,,2,projectile,Hunter's Bow 3,144,120,,0,
1110,,3,projectile,Hunter's Stoutbow 1,156,130,,0,
1111,,4,projectile,Hunter's Stoutbow 2,168,140,,0,
1112,,5,projectile,Hunter's Stoutbow 3,180,150,,0,
1113,,6,projectile,Hunter's Proudbow 1,192,160,water,240,True
1114,,6,projectile,Hunter's Proudbow 2,216,180,water,300,True
1115,average,0,projectile,Hazak Velos 1,216,180,water,360,True
1116,average,0,projectile,Hazak Velos 2,228,190,dragon,240,False
1117,,4,projectile,Diablos Bow 1,192,160,dragon,270,False
1118,,5,projectile,Diablos Bow 2,216,180,,0,
1119,,6,projectile,Diablos Coilbender,240,200,ice,60,True
1120,,7,projectile,Galebender,252,210,ice,90,True
1121,,8,projectile,Cera Coilbender,264,220,ice,120,True
1122,,2,projectile,Blooming Arch 1,144,120,ice,150,True
1123,,3,projectile,Blooming Arch 2,156,130,,0,
1124,,4,projectile,Blooming Arch 3,168,140,,0,
1125,,5,projectile,Datura String 1,180,150,,0,
1126,,6,projectile,Datura String 2,192,160,blast,180,True
1127,,6,projectile,Datura String 3,204,170,blast,210,True
1128,,3,projectile,Blazing Bow 1,156,130,blast,240,True
1129,,4,projectile,Blazing Bow 2,168,140,fire,210,False
1130,,5,projectile,Anja Arch 1,192,160,fire,270,False
1131,,6,projectile,Anja Arch 2,216,180,fire,330,False
1132,,6,projectile,Anja Arch 3,240,200,fire,360,False
1133,,2,projectile,Pulsar Bow 1,144,120,fire,390,False
1134,,3,projectile,Pulsar Bow 2,156,130,thunder,150,False
1135,,4,projectile,Pulsar Bow 3,168,140,thunder,180,False
1136,,5,projectile,Kadachi Strikebow,180,150,thunder,210,False
1137,,7,projectile,Flying Kadachi Strikebow,204,170,thunder,240,False
1138,low,3,projectile,Dragonbone Bow 1,120,100,thunder,270,False
1139,low,4,projectile,Dragonbone Bow 2,132,110,dragon,300,False
1140,low,6,projectile,Dragonbone Bow 3,180,150,dragon,360,False
1141,low,5,projectile,Blacksteel Bow 1,120,100,dragon,420,False
1142,low,6,projectile,Blacksteel Bow 2,132,110,dragon,120,False
1143,,7,projectile,Icesteel Bow,192,160,dragon,150,False
1144,,8,projectile,Daora's Sagittarii,204,170,ice,210,False
1145,low,8,projectile,Xeno Metora,204,170,ice,240,False
1146,,6,projectile,Cross Hunter's Bow,216,180,dragon,150,False
1147,,8,projectile,Great Hunter's Bow,228,190,blast,120,False
1148,high,6,sever,Berserker Sword,1008,210,blast,150,False
1149,high,7,sever,Anguish,1104,230,dragon,180,False
1150,high,6,sever,"Reaver ""Cruelty""",693,210,dragon,240,False
1151,high,7,sever,"Reaver ""Calamity""",759,230,dragon,150,False
1152,high,6,sever,Fatal Jho,280,200,dragon,210,False
1153,high,7,sever,Fatal Bite,308,220,dragon,150,False
1154,high,6,sever,Wrath & Rancor,280,200,dragon,210,False
1155,high,7,sever,Wrathful Predation,308,220,dragon,120,False
1156,high,6,blunt,Devil's Due,1092,210,dragon,180,False
1157,high,7,blunt,Devil's Crush,1196,230,dragon,150,False
1158,high,6,blunt,Devil's Maestro,840,200,dragon,210,False
1159,high,7,blunt,Deep Vero,924,220,dragon,180,False
1160,high,6,sever,Grief Lance,483,210,dragon,240,False
1161,high,7,sever,Fiendish Tower,529,230,dragon,150,False
1162,high,6,sever,Ravenous Gunlance,483,210,dragon,210,False
1163,high,7,sever,Insatiable Gunlance,529,230,dragon,180,False
1164,high,6,sever,Tyrannos,700,200,dragon,240,False
1165,high,7,sever,Terror Tyrannos,770,220,dragon,120,False
1166,high,6,sever,Tyrant's Charge Blade,720,200,dragon,180,False
1167,high,7,sever,Oppressor's Charge Blade,792,220,dragon,150,False
1168,high,6,sever,Bad Wing,620,200,dragon,210,False
1169,high,7,sever,Grunge Storm,682,220,dragon,150,False
1170,,7,projectile,Devil's Grin,299,230,dragon,210,False
1171,,6,projectile,Gluttonous Cannon,315,210,,0,
1172,,7,projectile,Dark Devourer,345,230,,0,
1173,high,6,projectile,Insurgent's Bow,252,210,,0,
1174,high,7,projectile,Villainous Brace,276,230,dragon,150,False
1175,,5,projectile,Aloy's Bow,168,140,dragon,210,False
1176,,6,projectile,Aloy's War Bow,192,160,thunder,180,True
1177,,4,sever,"Wyvern Ignition ""Steel""",720,150,thunder,240,True
1178,,7,sever,"Wyvern Ignition ""Impact""",1008,210,,0,
1179,,7,sever,Empress Galea,864,180,fire,510,True
1180,,8,sever,"Empress Galea ""Blaze""",864,180,blast,210,False
1181,,8,sever,"Empress Galea ""Ruin""",912,190,blast,270,False
1182,,8,sever,"Empress Galea ""Styx""",864,180,blast,210,False
1183,,7,sever,Empress Sword,594,180,,0,
1184,,8,sever,"Empress Sword ""Blaze""",594,180,blast,150,False
1185,,8,sever,"Empress Sword ""Ruin""",627,190,blast,180,False
1186,,8,sever,"Empress Sword ""Styx""",594,180,blast,150,False
1187,,7,sever,"Azure Star ""Dragon Dance""",495,150,blast,240,False
1188,,7,sever,Empress Edge,266,190,water,180,False
1189,,8,sever,"Empress Edge ""Blaze""",266,190,blast,120,False
1190,,8,sever,"Empress Edge ""Ruin""",280,200,blast,150,False
1191,,8,sever,"Empress Edge ""Styx""",266,190,blast,120,False
1192,,7,sever,Empress Daggers,252,180,blast,210,False
1193,,8,sever,"Empress Daggers ""Blaze""",252,180,blast,60,False
1194,,8,sever,"Empress Daggers ""Ruin""",266,190,blast,90,False
1195,,8,sever,"Empress Daggers ""Styx""",252,180,blast,60,False
1196,,7,blunt,Empress Mace,936,180,blast,120,False
1197,,8,blunt,"Empress Mace ""Blaze""",936,180,blast,150,False
1198,,8,blunt,"Empress Mace ""Ruin""",988,190,blast,180,False
1199,,8,blunt,"Empress Mace ""Styx""",936,180,blast,150,False
1200,,7,blunt,Empress Roar,798,190,blast,240,False
1201,,8,blunt,"Empress Roar ""Blaze""",798,190,blast,150,False
1202,,8,blunt,"Empress Roar ""Ruin""",840,200,blast,180,False
1203,,8,blunt,"Empress Roar ""Styx""",798,190,blast,150,False
1204,,7,sever,Empress Lance,414,180,,0,
1205,,8,sever,"Empress Lance ""Blaze""",414,180,blast,150,False
1206,,8,sever,"Empress Lance ""Ruin""",437,190,blast,180,False
1207,,8,sever,"Empress Lance ""Styx""",414,180,blast,150,False
1208,,4,sever,Shooting Star Lance,299,130,blast,240,False
1209,,7,sever,Sapphire Star Lance,437,190,paralysis,120,False
1210,,7,sever,Empress Howl,437,190,paralysis,180,False
1211,,8,sever,"Empress Howl ""Blaze""",437,190,blast,150,False
1212,,8,sever,"Empress Howl ""Ruin""",460,200,blast,180,False
1213,,8,sever,"Empress Howl ""Styx""",437,190,blast,150,False
1214,,7,sever,Empress Axe,630,180,blast,240,False
1215,,8,sever,"Empress Axe ""Blaze""",630,180,blast,150,False
1216,,8,sever,"Empress Axe ""Ruin""",665,190,blast,180,False
1217,,8,sever,"Empress Axe ""Styx""",630,180,blast,150,False
1218,,7,sever,Empress Alma,648,180,blast,240,False
1219,,8,sever,"Empress Alma ""Blaze""",648,180,blast,120,False
1220,,8,sever,"Empress Alma ""Ruin""",684,190,blast,150,False
1221,,8,sever,"Empress Alma ""Styx""",648,180,blast,120,False
1222,,8,sever,Dante's Devil Sword,720,200,blast,210,False
1223,,7,sever,Empress Cane,589,190,thunder,150,False
1224,,8,sever,"Empress Cane ""Blaze""",589,190,blast,120,False
1225,,8,sever,"Empress Cane ""Ruin""",620,200,blast,150,False
1226,,8,sever,"Empress Cane ""Styx""",589,190,blast,120,False
1227,high,7,sever,Gae Bolg,558,180,blast,210,False
1228,high,8,sever,True Gae Bolg,589,190,dragon,240,False
1229,,7,projectile,Empress Shell,247,190,dragon,300,False
1230,,8,projectile,"Empress Shell ""Blaze""",247,190,,0,
1231,,8,projectile,"Empress Shell ""Ruin""",260,200,,0,
1232,,8,projectile,"Empress Shell ""Styx""",247,190,,0,
1233,,7,projectile,Gluttonous Fangcannon,270,180,,0,
1234,,7,projectile,Empress Cannon,285,190,,0,
1235,,8,projectile,"Empress Cannon ""Blaze""",285,190,,0,
1236,,8,projectile,"Empress Cannon ""Ruin""",300,200,,0,
1237,,8,projectile,"Empress Cannon ""Styx""",285,190,,0,
1238,,7,projectile,Empress Arrow,216,180,,0,
1239,,8,projectile,"Empress Arrow ""Blaze""",216,180,blast,90,False
1240,,8,projectile,"Empress Arrow ""Ruin""",228,190,blast,120,False
1241,,8,projectile,"Empress Arrow ""Styx""",216,180,blast,90,False
1242,,7,projectile,"Taroth Assault ""Glutton""",270,180,blast,180,False
1243,,6,projectile,Gold Blast Cannon,210,140,,0,
1244,,6,projectile,Crusher Gold Cannon,240,160,,0,
1245,,6,projectile,Flash Gold Cannon,210,140,,0,
1246,,6,projectile,Glutton Gold Cannon,225,150,,0,
1247,,6,projectile,Horn Gold Cannon,270,180,,0,
1248,,6,projectile,Gold Icewater Cannon,225,150,,0,
1249,,6,projectile,Magma Gold Cannon,270,180,,0,
1250,,6,projectile,Rage Gold Cannon,255,170,,0,
1251,,6,projectile,Spark Gold Cannon,210,140,,0,
1252,,6,projectile,Spew Gold Cannon,225,150,,0,
1253,,6,projectile,Gold Support Cannon,210,140,,0,
1254,,6,projectile,Tar Gold Cannon,225,150,,0,
1255,,7,projectile,"Taroth Assault ""Crusher""",285,190,,0,
1256,,7,projectile,"Taroth Assault ""Flash""",255,170,,0,
1257,,7,projectile,"Taroth Assault ""Horn""",320,213,,0,
1258,,7,projectile,"Taroth Assault ""Magma""",315,210,,0,
1259,,7,projectile,"Taroth Assault ""Rage""",300,200,,0,
1260,,7,projectile,"Taroth Assault ""Spark""",255,170,,0,
1261,,7,projectile,"Taroth Assault ""Spew""",270,180,,0,
1262,,7,projectile,"Taroth Assault ""Tar""",270,180,,0,
1263,,8,projectile,"Taroth Assault ""Blast""",285,190,,0,
1264,,8,projectile,"Taroth Assault ""Icewater""",285,190,,0,
1265,,8,projectile,"Taroth Assault ""Support""",270,180,,0,
1266,,8,projectile,"Taroth Assault ""Pierce""",285,190,,0,
1267,,8,projectile,"Kjarr Assault ""Horn""",330,220,,0,
1268,,8,projectile,"Kjarr Assault ""Ice""",300,200,,0,
1269,,8,projectile,"Kjarr Assault ""Magma""",315,210,,0,
1270,,8,projectile,"Kjarr Assault ""Rage""",300,200,,0,
1271,,8,projectile,"Kjarr Assault ""Spark""",285,190,,0,
1272,,8,projectile,"Kjarr Assault ""Water""",285,190,,0,
1273,,7,projectile,Devil's Madness,299,230,,0,
1274,,8,sever,"Taroth Sword ""Fire""",660,200,,0,
1275,average,8,sever,"Kjarr Sword ""Decay""",677,205,fire,450,True
1276,,7,sever,"Taroth Daggers ""Rage""",294,210,dragon,330,False
1277,,7,sever,"Taroth Daggers ""Spark""",252,180,fire,240,False
1278,,8,sever,"Taroth Daggers ""Ice""",266,190,thunder,150,False
1279,,8,sever,"Taroth Daggers ""Water""",266,190,ice,270,True
1280,,8,sever,"Kjarr Daggers ""Dragon""",252,180,water,270,True
1281,,8,sever,"Kjarr Daggers ""Ice""",252,180,dragon,210,False
1282,,8,sever,"Kjarr Daggers ""Lurk""",224,160,ice,210,False
1283,,8,sever,"Kjarr Daggers ""Magma""",266,190,paralysis,90,False
1284,,8,sever,"Kjarr Daggers ""Rage""",280,200,blast,180,False
1285,,8,sever,"Kjarr Daggers ""Spark""",252,180,fire,210,False
1286,,8,sever,"Kjarr Daggers ""Water""",252,180,thunder,180,False
1287,,8,sever,"Taroth Daggers ""Poison""",266,190,water,210,False
1288,,8,sever,"Taroth Daggers ""Fire""",252,180,poison,330,True
1289,,7,sever,"Taroth Slicer ""Rage""",294,210,fire,180,True
1290,,7,sever,"Taroth Slicer ""Mud""",308,220,fire,240,False
1291,,8,sever,"Taroth Slicer ""Water""",266,190,paralysis,180,True
1292,,8,sever,"Taroth Slicer ""Fire""",252,180,water,420,True
1293,,8,sever,"Kjarr Slicer ""Numb""",252,180,fire,390,True
1294,,8,sever,"Kjarr Slicer ""Blast""",224,160,paralysis,210,False
1295,low,8,sever,"Kjarr Slicer ""Dragon""",238,170,blast,330,False
1296,,8,sever,"Kjarr Slicer ""King""",266,190,dragon,360,False
1297,,8,sever,"Kjarr Slicer ""Myth""",238,170,fire,240,False
